Column_1,Column_2,Column_3,Column_4,Column_5
Value_1_1,Value_2_1,Value_3_1,Value_4_1,Value_5_1
Value_1_2,Value_2_2,Value_3_2,Value_4_2,Value_5_2
Value_1_3,Value_2_3,Value_3_3,Value_4_3,Value_5_3
Value_1_4,Value_2_4,Value_3_4,Value_4_4,Value_5_4
Value_1_5,Value_2_5,Value_3_5,Value_4_5,Value_5_5
Value_1_6,Value_2_6,Value_3_6,Value_4_6,Value_5_6
Value_1_7,Value_2_7,Value_3_7,Value_4_7,Value_5_7
Value_1_8,Value_2_8,Value_3_8,Value_4_8,Value_5_8
Value_1_9,Value_2_9,Value_3_9,Value_4_9,Value_5_9
Value_1_10,Value_2_10,Value_3_10,Value_4_10,Value_5_10
